абрикосовое варенье, 1, г
абрикосовое пюре, 1, г
абрикосовый джем, 1, г
абрикосовый сок,стакан
абрикосы, 1, г
абрикосы консервированные, 1, г
авокадо,по вкусу
агава сироп, 1, г
агар-агар, 1, г
аграм, 1, г
аджика, 1, г
аджика зеленая, 1, г
айва,по вкусу
айвовое пюре, 1, г
айран, 1, г
айсинг, 1, г
акула стейки, 1, г
алкоголь,стакан
алкоголь крепкий,ст. л.
алыча, 1, г
альбухара,шт.
альмехи, 1, г
амарантовая мука, 1, г
ананасовый сироп, 1, г
ананасовый сок, 1, г
ананасы, 1, г
ананасы вяленые, 1, г
ананасы консервированные,по вкусу
анис,по вкусу
анис звездочки, 1, г
анисовый ликер,мл
анис семена, 1, г
анчоусы, 1, г
апельсиновая вода, 1, г
апельсиновая цедра, 1, г
апельсиновая эссенция,ч. л.
апельсиновое варенье, 1, г
апельсиновые цукаты, 1, г
апельсиновый джем, 1, г
апельсиновый джем с имбирем, 1, г
апельсиновый ликер, 1, г
апельсиновый сироп,стакан
апельсиновый сок,по вкусу
апельсиновый сок свежевыжатый, 1, г
апельсиновый уксус,ст. л.
апельсиновый экстракт,ч. л.
апельсины, 1, г
апельсины красные,шт.
апельсины крупные,шт.
арахис, 1, г
арахис жареный, 1, г
арахисовая паста, 1, г
арахисовое масло, 1, г
арахис соленый, 1, г
арбузная мякоть, 1, г
арбузы, 1, г
аргановое масло, 1, г
аришта, 1, г
ароматизатор, 1, г
"ароматизатор ""ананас""",по вкусу
"ароматизатор ""вишня""",капля
"ароматизатор ""малина""",капля
"ароматизатор ""ром""", 1, г
артишоки, 1, г
артишоки в масле, 1, г
артишоки маринованные, 1, г
аспирин,шт.
ассорти мясное, 1, г
ассорти овощное, 1, г
ассорти фруктовое, 1, г
ассорти ягодное, 1, г
аши, 1, г
багет, 1, г
багет вчерашний, 1, г
багет мини, 1, г
бадан,звездочка
бадьян,щепотка
базилик лимонный, 1, г
базилик свежий, 1, г
базилик сушеный, 1, г
базилик тайский,горсть
базилик фиолетовый, 1, г
баклажаны,по вкусу
баклажаны мини, 1, г
баклажаны тайские, 1, г
балык, 1, г
бальзам, 1, г
бальзамический крем,стакан
бальзамический соус,ст. л.
бальзамический уксус,стакан
бальзам рижский черный,ст. л.
бамия, 1, г
банановое пюре, 1, г
банановые чипсы,горсть
банановый зеленый сироп,мл
банановый ликер,мл
бананы, 1, г
бананы мини, 1, г
барабулька, 1, г
бараний ливер, 1, г
бараний окорок на косточке,кусок
бараний фарш, 1, г
баранина, 1, г
баранки, 1, г
бараньи антрекоты,кг
бараньи голяшки,шт.
бараньи потроха,кг
бараньи ребрышки,шт.
баранья лопатка,кг
баранья нога, 1, г
баранья печень, 1, г
барбарис, 1, г
барбарис вяленый,ст. л.
барбарис молотый, 1, г
бастурма, 1, г
батат, 1, г
батон, 1, г
батончики шоколадные, 1, г
безе, 1, г
бекон,по вкусу
бекон варено-копченый, 1, г
бекон сырокопченый, 1, г
белорыбица, 1, г
бирнель,мл
бисквик смесь готовая,пакет
бисквит, 1, г
бисквитная крошка, 1, г
бисквитный корж, 1, г
бисквитный рулет, 1, г
бисквит шоколадный, 1, г
бифштекс,шт.
блинная мука, 1, г
блины готовые, 1, г
блины овсяные,шт.
бобовые ростки, 1, г
бобы, 1, г
бобы мунг пророщенные, 1, г
бобы тонка,шт.
ботарга, 1, г
брезаола, 1, г
бренди, 1, г
брокколи замороженная, 1, г
брокколи свежая, 1, г
брусника замороженная, 1, г
брусника свежая, 1, г
брусника сушеная, 1, г
брусничное варенье, 1, г
брусничный соус, 1, г
брынза,по вкусу
брынза сербская, 1, г
брюква, 1, г
буженина, 1, г
бузина сироп,ст. л.
букет гарни,пучок
булгур, 1, г
булка,кусок
булка белая, 1, г
булка сдобная, 1, г
булочки, 1, г
булочки белые черствые, 1, г
булочки бриошь,шт.
булочки вчерашние,шт.
булочки для гамбургеров,шт.
булочки зерновые,шт.
булочки ржаные,кусок
булочки с кунжутом,шт.
бульон, 1, г
бульонные кубики, 1, г
бурбон, 1, г
Буррата, 1, г
буряк, 1, г
бусинки кондитерские,ч. л.
бусинки кондитерские серебряные,по вкусу
бычий хвост, 1, г
ванилин, 1, г
ваниль в стручках, 1, г
ванильная настойка,ст. л.
ванильная эссенция, 1, г
ванильный порошок, 1, г
ванильный сироп, 1, г
ванильный экстракт,по вкусу
варенье, 1, г
васаби, 1, г
вафельная крошка, 1, г
вафельные коржи, 1, г
вафельные трубочки, 1, г
вафли, 1, г
вафли шоколадные, 1, г
вермишель, 1, г
вермишель яичная, 1, г
вермут, 1, г
вермут белый, 1, г
вермут сухой, 1, г
ветчина, 1, г
ветчина вареная, 1, г
ветчина варено-копченая,кусок
ветчина копченая, 1, г
ветчина пармская, 1, г
ветчина сырокопченая, 1, г
вешенки, 1, г
винегрет, 1, г
винный камень,щепотка
винный уксус, 1, г
винный уксус белый, 1, г
винный уксус красный,ч. л.
винный уксус на чесноке,ч. л.
винный уксус на эстрагоне,ст. л.
вино белое,по вкусу
вино белое полусладкое, 1, г
вино белое полусухое, 1, г
вино белое сладкое, 1, г
вино белое столовое,стакан
вино белое сухое, 1, г
виноград, 1, г
виноград без косточек, 1, г
виноград белый, 1, г
виноград изабелла,кг
виноградное желе,ст. л.
виноградные листья, 1, г
виноградные листья маринованные, 1, г
виноградные листья молодые,шт.
виноградный сок, 1, г
виноградный сок осветленный,ч. л.
виноград синий, 1, г
виноград черный, 1, г
вино десертное, 1, г
вино игристое сухое, 1, г
вино красное, 1, г
вино красное полусладкое, 1, г
вино красное полусухое, 1, г
вино красное сладкое, 1, г
вино красное сухое, 1, г
вино крепленое, 1, г
вино розовое полусладкое,ст. л.
вино розовое полусухое, 1, г
виски, 1, г
витамин C в порошке, 1, г
вишневая настойка,мл
вишневое варенье, 1, г
вишневые листья, 1, г
вишневый джем, 1, г
вишневый ликер,по вкусу
вишневый сироп,стакан
вишневый сок, 1, г
вишня, 1, г
вишня вяленая, 1, г
вишня замороженная, 1, г
вишня засахаренная кондитерская,шт.
вишня коктейльная, 1, г
вишня мараскино,шт.
"вишня, протертая с сахаром", 1, г
вода, 1, г
вода минеральная без газа,стакан
вода минеральная газированная, 1, г
водка, 1, г
водка анисовая,ч. л.
водоросли, 1, г
вустерширский соус, 1, г
галангал корень,долька
галеты, 1, г
гамбургер, 1, г
ганаш, 1, г
гарам масала, 1, г
гарнир, 1, г
гаспачо, 1, г
гвоздика, 1, г
гвоздика молотая,по вкусу
герань листья, 1, г
геркулес, 1, г
глазурь, 1, г
глазурь белая, 1, г
глазурь готовая,по вкусу
глазурь черная,по вкусу
глазурь шоколадная белая, 1, г
глутамат натрия, 1, г
глюкоза, 1, г
глюкоза сироп, 1, г
говядина, 1, г
говядина на кости, 1, г
говяжий фарш,по вкусу
говяжий язык, 1, г
говяжье сердце,по вкусу
говяжьи бифштексы, 1, г
говяжьи голяшки, 1, г
говяжьи легкие, 1, г
говяжьи ребра, 1, г
говяжьи стейки рибай, 1, г
говяжья вырезка,шт.
говяжья грудинка,кг
говяжья лопатка, 1, г
говяжья мозговая кость,шт.
говяжья мякоть,кг
говяжья печень,шт.
говяжья черева, 1, г
говяжья шейка,кг
годжи, 1, г
голец филе,шт.
голубика, 1, г
голубика замороженная, 1, г
голубь, 1, г
горбуша,по вкусу
горбуша в собственном соку,банка
горбуша филе, 1, г
горгонзола, 1, г
горгонзола пиканте, 1, г
горох, 1, г
горох колотый, 1, г
гороховые ростки,горсть
гороховый суп, 1, г
горошек зеленый, 1, г
горошек зеленый замороженный, 1, г
горошек зеленый консервированный, 1, г
горошек стручковый свежий, 1, г
горчица, 1, г
горчица дижонская, 1, г
горчица дижонская с медом, 1, г
горчица желтая семена, 1, г
горчица острая, 1, г
горчица русская,ст. л.
горчица семена, 1, г
горчица с зернами, 1, г
горчица сухая, 1, г
горчица французская, 1, г
горчица цитрусовая, 1, г
горчичное масло, 1, г
горчичный порошок, 1, г
грана падано,ст. л.
гранатные зерна, 1, г
гранатовая паста,ст. л.
гранатовый сироп, 1, г
гранатовый сок, 1, г
гранатовый сок свежевыжатый,мл
гранатовый соус,ч. л.
гранаты, 1, г
гранита, 1, г
гранола с орехами, 1, г
граппа,ч. л.
гратен,кг
грейпфрутовая цедра, 1, г
грейпфрутовый сок, 1, г
грейпфруты, 1, г
грейпфруты розовые, 1, г
гренадин, 1, г
гренки, 1, г
грецкие орехи, 1, г
грецкие орехи рубленые, 1, г
гречневая крупа, 1, г
гречневая крупа зеленая,ст. л.
гречневая лапша соба, 1, г
гречневая мука, 1, г
гречневое молоко,стакан
гречневые хлопья, 1, г
грибы, 1, г
грибы белые, 1, г
грибы белые замороженные, 1, г
грибы белые маринованные, 1, г
грибы белые сухие, 1, г
грибы замороженные, 1, г
грибы замороженные (опята и маслята), 1, г
грибы лесные, 1, г
грибы маринованные, 1, г
грибы свежие, 1, г
грибы соленые, 1, г
грибы соломенные консервированные,шт.
грибы сухие, 1, г
грибы шиитаке, 1, г
грибы шиитаке сухие, 1, г
гриль, 1, г
гриссини, 1, г
грудинка, 1, г
грудинка варено-копченая, 1, г
грудинка копченая,по вкусу
грушевое пюре, 1, г
грушевый ликер,мл
грушевый сироп,мл
грушевый сок, 1, г
грушевый уксус,ст. л.
груши,по вкусу
груши вяленые, 1, г
грюйер, 1, г
гуава,шт.
гуанчиале, 1, г
гурьевская каша, 1, г
гусиная грудка копченая, 1, г
гусиная печень, 1, г
гусиный жир,ст. л.
гусь, 1, г
гусь тушка,кг
дайкон, 1, г
детское питание, 1, г
джем, 1, г
джин, 1, г
джусай, 1, г
диоксид титана, 1, г
долма, 1, г
дорада,шт.
дорада потрошеная с головой,шт.
дорада с головой,шт.
дорада тушка,шт.
драже, 1, г
дрожжи домашние, 1, г
дрожжи свежие, 1, г
дрожжи сухие,по вкусу
дубовая кора, 1, г
душица, 1, г
дыня, 1, г
ежевика, 1, г
ежевика замороженная, 1, г
ерш, 1, г
ёрш-носарь,шт.
желатин, 1, г
желатин листовой,по вкусу
желе, 1, г
желе для торта,упаковка
желирующее вещество,упаковка
желирующий сахар, 1, г
женьшень, 1, г
жидкий дым, 1, г
жимолость, 1, г
жир, 1, г
жир вытопленный,стакан
жир кулинарный, 1, г
жир растительный, 1, г
заатар,щепотка
завтрак сухой, 1, г
завтрак сухой подушечки, 1, г
загуститель для сливок, 1, г
зайчатина, 1, г
закваска,пакет
закваска вечная, 1, г
заменитель сахара,по вкусу
заменитель сахара стевия, 1, г
заправка для салатов готовая, 1, г
зверобой,по вкусу
зелень, 1, г
зелень рубленая, 1, г
земляника,по вкусу
земляника замороженная, 1, г
зефир, 1, г
зира, 1, г
злаковые хлопья, 1, г
зубатка, 1, г
зубатка филе, 1, г
изолят соевого протеина, 1, г
изюм, 1, г
изюм без косточек, 1, г
изюм белый, 1, г
изюм черный, 1, г
икра, 1, г
икра вяленой рыбы, 1, г
икра горбуши зернистая, 1, г
икра красная, 1, г
икра красной рыбы мелкая, 1, г
икра летучей рыбы, 1, г
икра лосося, 1, г
икра мойвы, 1, г
икра палтуса, 1, г
икра судака, 1, г
икра черная, 1, г
имбирное варенье, 1, г
имбирное печенье,по вкусу
имбирные цукаты,ст. л.
имбирь, 1, г
имбирь засахаренный, 1, г
имбирь корень, 1, г
имбирь маринованный, 1, г
имбирь молотый, 1, г
индейка, 1, г
индейка голень, 1, г
индейка грудка, 1, г
индейка копченая, 1, г
индейка тушка,шт.
индейка фарш, 1, г
индейка филе, 1, г
индоутка,шт.
индюшачья печень, 1, г
инжир, 1, г
инжир свежий, 1, г
инжир сушеный, 1, г
ирга, 1, г
ириски, 1, г
итальянские травы, 1, г
йогурт, 1, г
йогурт греческий, 1, г
йогурт жирный, 1, г
йогурт козий, 1, г
йогурт натуральный, 1, г
йогурт нежирный, 1, г
йогурт обезжиренный, 1, г
йогурт фруктовый, 1, г
кабачки, 1, г
кабачки замороженные, 1, г
кабачки молодые, 1, г
каджунская смесь специй,ст. л.
какао,горсть
какао-бобы, 1, г
какао-масло, 1, г
какао-порошок,по вкусу
какао-порошок обезжиренный, 1, г
какао сгущенное,банка
калина,по вкусу
калина протертая, 1, г
калинджи семена,ч. л.
кальвадос, 1, г
кальмары, 1, г
кальмары вареные, 1, г
кальмары замороженные, 1, г
кальмары консервированные, 1, г
кальмары филе,шт.
камамбер,упаковка
камбала, 1, г
камбала филе, 1, г
кампари,мл
кандурин золотой,ч. л.
каннеллони, 1, г
капеллини, 1, г
каперсы, 1, г
каперсы в винном уксусе, 1, г
каперсы маринованные, 1, г
капуста белокочанная, 1, г
капуста брюссельская, 1, г
капуста брюссельская замороженная, 1, г
капуста кале, 1, г
капуста квашеная,по вкусу
капуста кольраби, 1, г
капуста краснокочанная, 1, г
капуста морская,по вкусу
капуста морская замороженная, 1, г
капуста морская сушеная, 1, г
капуста пекинская, 1, г
капуста савойская, 1, г
капуста цветная, 1, г
капуста цветная замороженная, 1, г
капустный рассол, 1, г
капучино, 1, г
каракатица, 1, г
каракатица очищенная, 1, г
карамбола, 1, г
карамель,мл
карамельный соус, 1, г
карамель с начинкой, 1, г
карамель соленая, 1, г
карась, 1, г
карбонад, 1, г
кардамон, 1, г
кардамон зерна,ч. л.
кардамон молотый, 1, г
кардамон стручки,шт.
каркаде, 1, г
карп, 1, г
карп зеркальный,кг
карп филе,кг
карри, 1, г
карри листья, 1, г
карри паста,пакет
картофель, 1, г
картофель вареный, 1, г
картофель вареный в мундире, 1, г
картофель молодой, 1, г
картофельное пюре,по вкусу
картофельные ньокки, 1, г
картофельные хлопья, 1, г
картофельные чипсы, 1, г
картофельный крахмал, 1, г
картофельный отвар, 1, г
картофельный хэш замороженный, 1, г
картофель печеный, 1, г
катык, 1, г
каффир-лайм листья,по вкусу
каша, 1, г
каша для детского питания, 1, г
каштановая мука, 1, г
каштановый крем, 1, г
каштаны, 1, г
каштаны вареные, 1, г
каштаны консервированные, 1, г
каштаны очищенные, 1, г
квас, 1, г
квасное сусло, 1, г
квасной концентрат сухой,упаковка
квас хлебный, 1, г
кедровая мука, 1, г
кедровые орехи, 1, г
кедровые орехи жареные, 1, г
кета, 1, г
кетчуп острый,по вкусу
кетчуп томатный, 1, г
кетчуп тосканский,ст. л.
кетчуп шашлычный, 1, г
кефаль, 1, г
кефир,по вкусу
кефир 1%, 1, г
"кефир 2,5%", 1, г
"кефир 3,2%", 1, г
кефир обезжиренный, 1, г
кешью, 1, г
кивано, 1, г
киви,кг
киви желе, 1, г
кижуч, 1, г
кижуч горячего копчения филе, 1, г
кизил, 1, г
килька, 1, г
кимчи, 1, г
кинза свежая,зубчик
кинза сушеная, 1, г
киноа, 1, г
киноа молотая, 1, г
кипяток, 1, г
кирш,ст. л.
кисель, 1, г
кисель сухой, 1, г
кисломолочный напиток Тан,мл
кишки, 1, г
клейковина, 1, г
клементины, 1, г
кленовый сироп, 1, г
клубника, 1, г
клубника в сиропе, 1, г
клубника замороженная, 1, г
"клубника, протертая с сахаром", 1, г
клубника сушеная, 1, г
клубничное варенье, 1, г
клубничное желе,упаковка
клубничное пюре, 1, г
клубничный джем, 1, г
клубничный джем густой,мл
клубничный компот,стакан
клубничный ликер, 1, г
клубничный сироп, 1, г
клюква, 1, г
клюква вяленая, 1, г
клюква замороженная, 1, г
"клюква, протертая с сахаром", 1, г
клюквенное варенье, 1, г
клюквенный джем, 1, г
клюквенный морс,ст. л.
клюквенный сироп, 1, г
клюквенный соус, 1, г
козлиная печень, 1, г
козлятина молодая,кг
кока-кола,ст. л.
кокосовая вода,стакан
кокосовая мука,ст. л.
кокосовая стружка, 1, г
кокосовая стружка цветная, 1, г
кокосовое масло,мл
кокосовое молоко, 1, г
кокосовые сливки, 1, г
кокосовый ликер,ст. л.
кокосовый экстракт, 1, г
кокосы, 1, г
кола, 1, г
колбаса, 1, г
колбаса вареная, 1, г
колбаса варено-копченая, 1, г
колбаса копченая, 1, г
колбаса кровяная, 1, г
колбаса полукопченая, 1, г
колбаса сырокопченая, 1, г
колбаска свиная свежая (salsiccia),шт.
колбаски, 1, г
колбаски для жарки, 1, г
колбаски домашние,шт.
колбаски охотничьи, 1, г
колбаски сырокопченые,шт.
компот, 1, г
конопляное масло,ст. л.
конопля семена, 1, г
конфеты,по вкусу
конфеты M&M’s, 1, г
конфеты жевательные лакричные, 1, г
конфеты Коровка, 1, г
конфеты Трюфель, 1, г
конфитюр,по вкусу
конфитюрка,упаковка
коньяк, 1, г
копчености, 1, г
коренья,по вкусу
кориандр, 1, г
кориандр зелень, 1, г
кориандр молотый, 1, г
кориандр семена, 1, г
коринка,ст. л.
корица, 1, г
корица молотая, 1, г
корнишоны, 1, г
корнишоны маринованые, 1, г
корюшка, 1, г
корюшка горячего копчения, 1, г
кости, 1, г
кости мозговые, 1, г
кость сахарная, 1, г
кофе в зернах,стакан
кофе зеленый, 1, г
кофейные зерна в шоколаде, 1, г
кофейный ликер, 1, г
кофейный ликер Kahlua,мл
кофейный напиток,мл
кофейный сироп, 1, г
кофейный экстракт,мл
кофе молотый,ст. л.
кофе растворимый, 1, г
кофе свежесваренный, 1, г
кофе черный, 1, г
кофе эспрессо,стакан
крабовое мясо, 1, г
крабовые палочки,по вкусу
краб снежный,по вкусу
крабы, 1, г
крапива, 1, г
краситель-гель пищевой,шт.
краситель пищевой, 1, г
краситель пищевой вишневый,щепотка
краситель пищевой желтый, 1, г
краситель пищевой зеленый,ст. л.
краситель пищевой красный, 1, г
краситель пищевой оранжевый, 1, г
краситель пищевой фиолетовый, 1, г
краситель пищевой черный, 1, г
красная смородина, 1, г
"красная смородина, протертая с сахаром",ст. л.
красноперка,шт.
красносмородиновое варенье, 1, г
красный винный соус, 1, г
крахмал, 1, г
креветки, 1, г
креветки замороженные, 1, г
креветки королевские, 1, г
креветки очищенные, 1, г
креветки очищенные в рассоле, 1, г
креветки салатные, 1, г
креветки сушеные, 1, г
креветки тигровые, 1, г
крекер, 1, г
крекер соленый, 1, г
крем заварной, 1, г
крем заварной порошковый, 1, г
крем-фреш, 1, г
кресс-салат, 1, г
кровь,мл
кролик, 1, г
кролик тушка, 1, г
кролик филе, 1, г
кроличья печень, 1, г
круассаны,по вкусу
крутоны мелкие, 1, г
крыжовник, 1, г
крыжовниковое варенье,банка
кукуруза, 1, г
кукуруза замороженная, 1, г
кукуруза консервированная, 1, г
кукуруза обжаренная кикос, 1, г
кукурузная крупа, 1, г
кукурузная мука, 1, г
кукурузное масло, 1, г
кукурузные лепешки,шт.
кукурузные палочки, 1, г
кукурузные хлопья, 1, г
кукурузные хлопья глазированные, 1, г
кукурузные чипсы, 1, г
кукурузный (золотой) сироп, 1, г
кукурузный крахмал,по вкусу
кумин, 1, г
кумкваты,горсть
кунжут, 1, г
кунжутная мука, 1, г
кунжутная паста, 1, г
кунжутное масло, 1, г
кунжутные семечки,по вкусу
кунжут черный,ч. л.
купаты,шт.
курага,по вкусу
курдючное сало, 1, г
курдючный жир, 1, г
куриная ветчина, 1, г
куриная кожа, 1, г
куриная печень, 1, г
куриное карпаччо, 1, г
куриное филе, 1, г
куриные бедра, 1, г
куриные голени, 1, г
куриные голени копченые,шт.
куриные грудки, 1, г
куриные грудки вареные, 1, г
куриные грудки копченые, 1, г
куриные желудочки,шт.
куриные кости, 1, г
куриные крылья, 1, г
куриные окорочка, 1, г
куриные окорочка копченые, 1, г
куриные потрошки, 1, г
куриные сердечки, 1, г
куриный бульон, 1, г
куриный паштет, 1, г
куриный суповой набор,кг
куриный фарш, 1, г
курица, 1, г
курица вареная, 1, г
курица для жарки,кг
курица копченая, 1, г
курица тушка, 1, г
куркума, 1, г
куропатки, 1, г
кускус, 1, г
кускус жемчужный,стакан
кэроб, 1, г
лаванда, 1, г
лаванда сушеная,щепотка
лавандовый краситель,ч. л.
лаваш,по вкусу
лаваш армянский, 1, г
лаваш персидский круглый, 1, г
лаваш тонкий,пласт
лавровые листья свежие,шт.
лавровый лист, 1, г
лайм, 1, г
лайм листья,шт.
лаймовая цедра, 1, г
лаймовый сок, 1, г
лангустины,шт.
лапша, 1, г
лапша для лагмана,упаковка
лапша ширатаки, 1, г
лапша яичная в гнездах,шт.
латук, 1, г
легкие, 1, г
лед, 1, г
леди-фиш тушка,шт.
лемонграсс (лимонное сорго), 1, г
лен семена, 1, г
лепешки, 1, г
лепешки арабские,шт.
лесные орехи, 1, г
лечо, 1, г
ливер, 1, г
ликер, 1, г
ликер Alchermes, 1, г
ликер Amaretto, 1, г
ликер Baileys, 1, г
ликер Cointreau, 1, г
ликер кремовый, 1, г
ликер сливочный, 1, г
лимонад, 1, г
лимонная кислота, 1, г
лимонная цедра, 1, г
лимонник стебель, 1, г
лимонник ягоды, 1, г
лимонные корочки засахаренные, 1, г
лимонные цукаты, 1, г
лимонный сок, 1, г
лимонный уксус, 1, г
лимонный экстракт, 1, г
лимончелло, 1, г
лимоны, 1, г
лингвине,шт.
лисички, 1, г
лисички сушеные, 1, г
личи,шт.
личи компот, 1, г
лобстер, 1, г
лонган, 1, г
лонгконг,шт.
лососевые молоки, 1, г
лососевый фарш, 1, г
лосось, 1, г
лосось горячего копчения, 1, г
лосось копченый, 1, г
лосось свежесоленый, 1, г
лосось свежий, 1, г
лосось свежий филе, 1, г
лосось слабосоленый, 1, г
лосось стейки, 1, г
лосось филе, 1, г
лосось филе на коже, 1, г
лосось холодного копчения, 1, г
лосятина,кг
лук белый,по вкусу
лук зеленый, 1, г
лук красный,по вкусу
лук маринованный, 1, г
луковая шелуха, 1, г
луковый порошок, 1, г
лук-порей,горсть
лук-резанец,по вкусу
лук репчатый, 1, г
лук репчатый мелкий, 1, г
лук салатный,шт.
лук сушеный, 1, г
лук-шалот, 1, г
лук-шалот красный,шт.
льняная мука, 1, г
льняное масло,ч. л.
льняное семя, 1, г
льняное семя молотое, 1, г
любисток, 1, г
маасдам, 1, г
мадера, 1, г
майонез, 1, г
майонез домашний, 1, г
майонез легкий, 1, г
майонезный соус «Слобода» Постный, 1, г
майонез оливковый, 1, г
майонез «Слобода» Легкий, 1, г
майонез «Слобода» На перепелиных яйцах, 1, г
майонез «Слобода» Оливковый, 1, г
майонез «Слобода» Провансаль, 1, г
майонез «Слобода» С лимонным соком, 1, г
майонез «Слобода» Сметанный, 1, г
майоран, 1, г
майоран свежий,по вкусу
майоран сушеный, 1, г
мак, 1, г
макаронные изделия, 1, г
макаронные изделия мелкие, 1, г
макароны, 1, г
макароны-бабочки (farfalle), 1, г
макароны-бабочки (farfalle) мини, 1, г
макароны баветте, 1, г
макароны-бантики, 1, г
макароны букатини, 1, г
макароны джильи, 1, г
макароны диталони, 1, г
макароны-звездочки,стакан
макароны орзо, 1, г
макароны-ракушки (conchiglie), 1, г
макароны-ракушки (conchiglie rigate), 1, г
макароны-ракушки крупные, 1, г
макароны рисони, 1, г
макароны-рожки (pipe rigate), 1, г
макароны-спиральки (fusilli), 1, г
макароны-ушки (orecchiette), 1, г
маккерончини, 1, г
мак молотый, 1, г
маковая масса,пачка
малина, 1, г
малина замороженная, 1, г
"малина, протертая с сахаром",стакан
малина сушеная, 1, г
малиновое варенье, 1, г
малиновое желе, 1, г
малиновое пюре, 1, г
малиновый джем, 1, г
малиновый крем, 1, г
малиновый сироп,ч. л.
малиновый соус,ч. л.
малиновый уксус,мл
малиновый чай, 1, г
манго,по вкусу
манговый сироп,мл
манго консервированное, 1, г
мангольд, 1, г
мангустин,шт.
мандариновое пюре, 1, г
мандариновые цукаты, 1, г
мандариновый сок, 1, г
мандарины,по вкусу
мандарины в собственном соку, 1, г
манная крупа, 1, г
маракуйя, 1, г
маргарин, 1, г
маргарин сливочный, 1, г
мармелад,по вкусу
мармелад бутербродный, 1, г
марсала,стакан
мартини, 1, г
мартини красный, 1, г
марципан,по вкусу
марципан зеленый, 1, г
марципан розовый, 1, г
маршмеллоу, 1, г
маршмеллоу крем, 1, г
маршмеллоу мини, 1, г
маскарпоне, 1, г
маслины, 1, г
маслины без косточек, 1, г
масло авокадо, 1, г
масло виноградных косточек, 1, г
масло грецкого ореха,ч. л.
масло для фритюра, 1, г
масло кедрового ореха, 1, г
маслята, 1, г
мастика, 1, г
мастика желатиновая, 1, г
мастика шоколадная, 1, г
матча, 1, г
мафальдине, 1, г
маца, 1, г
мацони, 1, г
маш, 1, г
мед, 1, г
мед акации, 1, г
мед гречишный, 1, г
мед жидкий, 1, г
мед лавандовый, 1, г
мелисса, 1, г
меренги,шт.
мидии, 1, г
мидии в раковинах, 1, г
мидии в раковинах крупные черные, 1, г
мидии в раковинах мелкие зеленые, 1, г
мидии замороженные,шт.
мидии копченые в масле, 1, г
микрозелень,горсть
миндаль, 1, г
миндаль жареный, 1, г
миндаль измельченный, 1, г
миндальная масса, 1, г
миндальная мука, 1, г
миндальная паста, 1, г
миндальная эссенция, 1, г
миндальное масло, 1, г
миндальное молоко, 1, г
миндальное печенье, 1, г
миндальное пралине, 1, г
миндальные лепестки, 1, г
миндальный ликер, 1, г
миндальный сироп, 1, г
миндальный экстракт,капля
миндаль очищенный, 1, г
миндаль рубленый, 1, г
мини-кукуруза,шт.
минога, 1, г
минтай, 1, г
минтай печень, 1, г
минтай филе, 1, г
мисо-паста, 1, г
мисо-суп,пакет
можжевельник ягоды, 1, г
мойва, 1, г
моллюски, 1, г
молоко, 1, г
"молоко 0,5%", 1, г
"молоко 1,5%", 1, г
"молоко 2,5%", 1, г
"молоко 3,2%", 1, г
"молоко 3,6%", 1, г
молоко 4%, 1, г
молоко 6%, 1, г
молоко козье, 1, г
молоко концентрированное, 1, г
молоко рисовое,мл
молоко сгущенное, 1, г
молоко сгущенное вареное,ст. л.
молоко сгущенное с какао, 1, г
молоко сухое, 1, г
молоко сухое обезжиренное,ст. л.
молоко топленое, 1, г
молочная смесь, 1, г
молочные продукты, 1, г
морепродукты,шт.
морковное пюре, 1, г
морковь, 1, г
морковь вареная, 1, г
морковь крупная, 1, г
морковь молодая, 1, г
морковь по-корейски, 1, г
морковь тертая,шт.
мороженое,по вкусу
мороженое ванильное, 1, г
мороженое клубничное, 1, г
мороженое лимонное,по вкусу
мороженое малиновое, 1, г
мороженое пломбир, 1, г
мороженое шоколадное,мл
морошка, 1, г
морские гребешки,кг
морской коктейль, 1, г
морской коктейль в масле,упаковка
морской коктейль замороженный, 1, г
морской черт, 1, г
морской язык, 1, г
морской язык филе, 1, г
мортаделла, 1, г
моцарелла, 1, г
моцарелла для запекания, 1, г
моцарелла для пиццы, 1, г
моцарелла мини, 1, г
моцарелла с травами, 1, г
моцарелла шарик большой, 1, г
мука, 1, г
мука 1 сорт, 1, г
мука 2 сорт, 1, г
мука «Аладушкин», 1, г
мука грубого помола, 1, г
мука для темпуры, 1, г
мука из пророщенной пшеницы,ст. л.
мука манитоба, 1, г
мука самоподнимающаяся, 1, г
мука с отрубями,ч. л.
мука с семечками, 1, г
мука хлебопекарная, 1, г
мука цельнозерновая, 1, г
мускат белый,мл
мускатное вино, 1, г
мускатный орех, 1, г
мускатный орех молотый, 1, г
мюсли, 1, г
мягкий творог, 1, г
мясной бульон, 1, г
мясной фарш, 1, г
мясо, 1, г
мясо дикого кабана, 1, г
мясо криля, 1, г
мясо на косточке,кг
мята, 1, г
мята сушеная, 1, г
мятный сироп, 1, г
мятный шнапс, 1, г
нардек, 1, г
нектарины,шт.
нога ягненка без кости, 1, г
нори, 1, г
нуга, 1, г
нуга с орехами, 1, г
нут, 1, г
нутелла, 1, г
нут консервированный, 1, г
нутовая мука, 1, г
облепиха, 1, г
облепиха замороженная, 1, г
облепиховый сироп,стакан
овощи, 1, г
овощная смесь, 1, г
овощная смесь замороженная, 1, г
овощная смесь замороженная для wok, 1, г
овощная смесь по-китайски, 1, г
овощной бульон,по вкусу
овсяная мука, 1, г
овсяное молоко,стакан
овсяное печенье, 1, г
овсяное толокно, 1, г
овсяные зерна, 1, г
овсяные отруби, 1, г
овсяные хлопья, 1, г
овсяные хлопья быстрого приготовления, 1, г
огуречный рассол,стакан
огурцы, 1, г
огурцы консервированные,шт.
огурцы малосольные,шт.
огурцы маринованные,банка
огурцы свежие, 1, г
огурцы соленые, 1, г
одуванчики, 1, г
окорок, 1, г
окорок варено-копченый, 1, г
окунь, 1, г
окунь красный филе, 1, г
окунь морской, 1, г
окунь морской филе, 1, г
окунь филе, 1, г
оленина, 1, г
оливки, 1, г
оливки без косточек, 1, г
оливки зеленые,по вкусу
оливки зеленые консервированные,банка
оливки каламата, 1, г
оливки консервированные, 1, г
"оливки, фаршированные анчоусами", 1, г
оливки черные,по вкусу
оливковая паста, 1, г
оливковое масло, 1, г
оливковое масло Extra Virgin, 1, г
опунция плоды, 1, г
опята,по вкусу
опята замороженные, 1, г
опята маринованные, 1, г
орегано, 1, г
орегано свежий, 1, г
орегано сушеный, 1, г
орехи, 1, г
орехи бразильские, 1, г
орехи макадамия, 1, г
орехи пекан, 1, г
орехи пинии, 1, г
ореховая крошка,стакан
ореховая паста,шт.
ореховое масло,ст. л.
ореховый ликер,мл
ореховый соус,ст. л.
осетр, 1, г
осетрина холодного копчения, 1, г
осьминог, 1, г
осьминоги консервированные, 1, г
осьминоги мини, 1, г
отруби, 1, г
ошеек, 1, г
пагр, 1, г
пажитник, 1, г
пажитник семена, 1, г
палтус, 1, г
пальмовое масло, 1, г
пангасиус, 1, г
панеттоне,шт.
Панифарин, 1, г
панчетта, 1, г
папайя, 1, г
папайя консервированная в собственном соку, 1, г
папоротник, 1, г
папоротник соленый,упаковка
паппарделле, 1, г
паприка, 1, г
паприка копченая,ст. л.
паприка красная,ст. л.
паприка красная молотая, 1, г
паприка острая копченая, 1, г
паприка сладкая, 1, г
паприка сладкая копченая, 1, г
паприка сладкая хлопьями,ч. л.
пармезан, 1, г
паста, 1, г
паста веджимайт, 1, г
паста тахини, 1, г
паста хариса,ст. л.
пастернак, 1, г
пастила, 1, г
пастила виноградная, 1, г
патиссоны, 1, г
патока, 1, г
патока крахмальная, 1, г
патока черная (меласса), 1, г
пахта, 1, г
паштет, 1, г
пекарский порошок, 1, г
пекарский порошок,ч. л.
пекорино, 1, г
пектин, 1, г
пеленгас, 1, г
пельмени, 1, г
пенне, 1, г
пенне ригате, 1, г
пеперончино,ч. л.
пеперончино молотый,щепотка
переводной лист для шоколада,шт.
перепелки,тушка
перец, 1, г
перец белый, 1, г
перец белый горошком,по вкусу
перец белый молотый, 1, г
перец белый свежемолотый,ч. л.
перец болгарский, 1, г
перец болгарский желтый, 1, г
перец болгарский зеленый, 1, г
перец болгарский красный, 1, г
перец горошком, 1, г
перец горошком смесь, 1, г
перец душистый,щепотка
перец душистый горошком, 1, г
перец душистый молотый, 1, г
перец испанский острый,шт.
перец кайенский, 1, г
перец кайенский красный, 1, г
перец кайенский молотый,щепотка
перец красный, 1, г
перец красный горошком, 1, г
перец красный жгучий, 1, г
перец красный молотый, 1, г
перец красный острый, 1, г
перец красный острый молотый,по вкусу
перец красный хлопьями,щепотка
перец лимонный, 1, г
перец маринованный, 1, г
перец острый, 1, г
перец острый зеленый,шт.
перец острый молотый,щепотка
перец падрон, 1, г
перец пеперони, 1, г
перец пеперони красный,шт.
перец розовый горошком, 1, г
перец свежемолотый смесь, 1, г
перец сенегальский,по вкусу
перец сладкий, 1, г
перец сладкий желтый, 1, г
перец сладкий зеленый, 1, г
перец сладкий красный, 1, г
перец сладкий красный маринованный,шт.
перец сладкий красный молотый, 1, г
перец сладкий оранжевый, 1, г
перец сладкий сушеный, 1, г
перец сычуаньский, 1, г
перец халапеньо, 1, г
перец халапеньо маринованный,шт.
перец черный,ст. л.
перец черный горошком,по вкусу
перец черный молотый, 1, г
перец черный свежемолотый, 1, г
перец чили, 1, г
перец чили зеленый,стручок
перец чили красный,стручок
перец чили маринованный,по вкусу
перец чили молотый, 1, г
перец чили сухой,ст. л.
перец чили хлопьями,по вкусу
перец ямайский, 1, г
перловая крупа, 1, г
перловая мука, 1, г
персики, 1, г
персики консервированные, 1, г
персики сушеные,горсть
персиковое пюре, 1, г
персиковый джем, 1, г
персиковый мармелад,ст. л.
персиковый сироп,мл
персиковый сок, 1, г
перцовая паста,ч. л.
петрушка, 1, г
петрушка зелень, 1, г
петрушка итальянская,пучок
петрушка корень, 1, г
петрушка рубленая, 1, г
петрушка сушеная, 1, г
печень, 1, г
печенье,по вкусу
печенье Oreo, 1, г
печенье Амаретти, 1, г
печенье бисквитное, 1, г
печенье галетное,шт.
печенье «Дамские пальчики», 1, г
печенье песочное, 1, г
печенье рассыпчатое, 1, г
печенье Савоярди, 1, г
печенье сахарное, 1, г
печенье сладкое, 1, г
печенье сухое, 1, г
печенье шоколадное, 1, г
печенье Юбилейное молочное, 1, г
пиво, 1, г
пиво имбирное,мл
пиво нефильтрованное, 1, г
пиво светлое, 1, г
пиво темное,банка
пикша,шт.
питы,по вкусу
повидло, 1, г
подсолнечное масло, 1, г
подсолнечные семечки, 1, г
полба, 1, г
полба недозрелая, 1, г
полента,по вкусу
полента быстрого приготовления,стакан
помело, 1, г
помидоры, 1, г
помидоры бурые, 1, г
помидоры вяленые,по вкусу
помидоры вяленые в масле, 1, г
помидоры желтые,шт.
помидоры зеленые,кг
помидоры консервированные, 1, г
помидоры консервированные в собственном соку, 1, г
помидоры консервированные в собственном соку с базиликом, 1, г
помидоры протертые пассата, 1, г
помидоры соленые,шт.
помидоры сушеные хлопьями, 1, г
помидоры черри, 1, г
помидоры черри желтые, 1, г
попкорн, 1, г
поросенок,кг
портвейн, 1, г
портобелло, 1, г
портулак, 1, г
посыпка кондитерская,по вкусу
почки, 1, г
приправа 4 перца, 1, г
приправа 5 специй (five spice),ч. л.
приправа для баранины,ст. л.
приправа для картофеля, 1, г
приправа для курицы, 1, г
приправа для макарон,по вкусу
приправа для маринования свинины,по вкусу
приправа для морепродуктов,по вкусу
приправа для мяса, 1, г
приправа для паэльи,по вкусу
приправа для пиццы,ч. л.
приправа для плова, 1, г
приправа для птицы,ст. л.
приправа для рыбы, 1, г
приправа для салатов,по вкусу
приправа заатар,ч. л.
приправа креольская,ст. л.
приправа с сушеными грибами,ч. л.
приправы, 1, г
прованские травы, 1, г
проволоне, 1, г
просекко,мл
простокваша, 1, г
протеин сывороточный, 1, г
прошутто, 1, г
пряники, 1, г
пряничные специи, 1, г
пряности, 1, г
псиллиум, 1, г
птитим, 1, г
пудинг, 1, г
пудинг ванильный, 1, г
пудинг ванильный инстант,упаковка
пудинг карамельный, 1, г
пшеница, 1, г
пшеничная крупа, 1, г
пшеничная мука, 1, г
пшеничная мука цельнозерновая, 1, г
пшеничные зародыши,стакан
пшеничные отруби, 1, г
пшеничные ростки, 1, г
пшеничные хлопья, 1, г
пшенные хлопья,ст. л.
пшено, 1, г
пыльца цветочная, 1, г
пюре,по вкусу
радиккио,шт.
разрыхлитель, 1, г
раки,шт.
раковые шейки, 1, г
раковые шейки в рассоле, 1, г
рамбутан, 1, г
рапаны, 1, г
рапсовое масло,по вкусу
рассол, 1, г
рассол от каперсов,ст. л.
рассол от оливок,ст. л.
растительное масло, 1, г
растительное масло для жарки, 1, г
растительное масло нерафинированное,стакан
растительное масло рафинированное, 1, г
растительное молоко,стакан
ревень, 1, г
реган,веточка
редис, 1, г
редька, 1, г
редька белая,шт.
редька зеленая,шт.
редька черная,шт.
репа, 1, г
репа белая,шт.
ржаная закваска, 1, г
ржаная закваска густая, 1, г
ржаная мука, 1, г
ржаные отруби, 1, г
ригатони, 1, г
рикотта, 1, г
рикотта твердая, 1, г
рис, 1, г
рис арборио, 1, г
рис басмати, 1, г
рис бурый, 1, г
рис бурый и дикий смесь, 1, г
рис вареный, 1, г
рис виола, 1, г
рис девзира, 1, г
рис дикий, 1, г
рис дикий и золотистый смесь, 1, г
рис длиннозерный, 1, г
рис длиннозерный золотистый, 1, г
рис для плова, 1, г
рис для пудинга, 1, г
рис для ризотто, 1, г
рис для суши, 1, г
рис жасминовый, 1, г
рис золотистый, 1, г
рис индика, 1, г
рис италика, 1, г
рис карнароли, 1, г
рис красный, 1, г
рис круглозерный, 1, г
рис кубанский, 1, г
рисовая бумага, 1, г
рисовая лапша, 1, г
рисовая мука, 1, г
рисовое вино,ч. л.
рисовые хлопья, 1, г
рисовые шарики воздушные, 1, г
рисовый крахмал,ст. л.
рисовый уксус,по вкусу
рис пропаренный, 1, г
рис пропаренный и дикий смесь, 1, г
рис японика, 1, г
рожь, 1, г
розмарин,шт.
розмарин сушеный,по вкусу
розовая вода, 1, г
розовые бутоны сушеные, 1, г
розовые лепестки, 1, г
розы, 1, г
рокфор, 1, г
ром,бутылка
ромашка сушеная, 1, г
ромовый экстракт,ч. л.
ром темный, 1, г
ростбиф, 1, г
рукола, 1, г
рулька,по вкусу
рыба, 1, г
рыба белая, 1, г
рыба белая филе, 1, г
рыба консервированная,банка
рыба копченая, 1, г
рыба копченая филе, 1, г
рыба красная, 1, г
рыба красная соленая, 1, г
рыба красная филе, 1, г
рыба-меч, 1, г
рыба морская, 1, г
рыба солнечник филе,шт.
рыба-соль,тушка
рыбное филе, 1, г
рыбные консервы, 1, г
рыбные кости, 1, г
"рыбные обрезки, головы, плавники",по вкусу
рыбный бульон, 1, г
рыбный соус, 1, г
рыбный соус Nam Pla, 1, г
рыбный соус тайский, 1, г
рыбный фарш, 1, г
рябина черноплодная, 1, г
рябчик, 1, г
ряженка, 1, г
ряженка 4%, 1, г
сайда, 1, г
сайда филе, 1, г
сайра, 1, г
сайра консервированная,банка
саке,ст. л.
салака, 1, г
салат, 1, г
салат айсберг, 1, г
салат китайский, 1, г
салат корн,пучок
салат кочанный, 1, г
салат кучерявый, 1, г
салат листовой, 1, г
салатный микс, 1, г
салат романо, 1, г
салат фриссе, 1, г
сало, 1, г
сало копченое в перце, 1, г
сало копченое с мясными прослойками, 1, г
сало с мясными прослойками, 1, г
сальник, 1, г
сальса, 1, г
сальса верде,ч. л.
салями, 1, г
салями итальянская, 1, г
сардельки, 1, г
сардельки копченые, 1, г
сардинки маленькие,шт.
сардины, 1, г
сардины в масле,банка
сахар, 1, г
сахар ванильный, 1, г
сахар демерара, 1, г
сахар жемчужный, 1, г
сахар коричневый, 1, г
сахар коричневый крупнокристаллический, 1, г
сахар мусковадо,горсть
сахарная пудра, 1, г
сахарная пудра апельсиновая, 1, г
сахарная пудра ванильная, 1, г
сахарные жемчужинки, 1, г
сахарные кондитерские украшения,горсть
сахарный песок, 1, г
сахарный песок крупный, 1, г
сахарный песок мелкий, 1, г
сахарный сироп, 1, г
сахар пальмовый, 1, г
сахар-рафинад, 1, г
сахар-рафинад с корицей, 1, г
сахар тростниковый, 1, г
сванская соль, 1, г
свекла, 1, г
свекла вареная, 1, г
свекольная ботва, 1, г
свекольные листья, 1, г
свиная вырезка, 1, г
свиная голова, 1, г
свиная грудинка, 1, г
свиная корейка, 1, г
свиная корейка копченая, 1, г
свиная корейка на кости, 1, г
свиная лопатка варено-копченая, 1, г
свиная мякоть, 1, г
свиная пашина,кг
свиная печень, 1, г
свиная рулька,по вкусу
свиная рулька варено-копченая, 1, г
свиная рулька копченая, 1, г
свиная шейка,кусок
свинина, 1, г
свинина вареная, 1, г
свинина нежирная, 1, г
свинина с жирком, 1, г
свиное сердце, 1, г
свиное филе, 1, г
свиной подчеревок, 1, г
свиной фарш, 1, г
свиной язык, 1, г
свиные котлеты на косточке,шт.
свиные легкие, 1, г
свиные ножки, 1, г
свиные отбивные, 1, г
свиные отбивные на косточке, 1, г
свиные ребра, 1, г
свиные уши,шт.
свиные щечки,шт.
свити, 1, г
сельдерей, 1, г
сельдерей зелень, 1, г
сельдерей корень, 1, г
сельдерей корень сушеный,по вкусу
сельдерейная соль, 1, г
сельдерей семена,ч. л.
сельдерей стебли, 1, г
сельдь, 1, г
сельдь слабосоленая, 1, г
сельдь соленая,шт.
сельдь филе, 1, г
семга, 1, г
семга копченая, 1, г
семга свежая, 1, г
семга соленая, 1, г
семга филе на коже, 1, г
семечки, 1, г
семечки смесь,ст. л.
семолина, 1, г
сервелат варено-копченый, 1, г
сибас, 1, г
сидр, 1, г
сироп, 1, г
сироп от консервированных груш, 1, г
сироп от консервированных персиков,ст. л.
сироп топинамбура,стакан
скумбрия,по вкусу
скумбрия свежая, 1, г
скумбрия филе, 1, г
скумбрия холодного копчения, 1, г
сливки,упаковка
сливки 10-20%, 1, г
сливки 15%, 1, г
сливки 20%, 1, г
сливки 33-35%, 1, г
сливки жирные, 1, г
сливки кондитерские, 1, г
сливовая паста, 1, г
сливовое варенье, 1, г
сливовое вино, 1, г
сливовый джем, 1, г
сливовый ликер,ст. л.
сливовый соус, 1, г
сливочное масло, 1, г
сливы,кг
сливы замороженные, 1, г
смалец, 1, г
смесь для кекса,шт.
смесь для оладий, 1, г
смесь для хлеба 8 злаков, 1, г
сметана, 1, г
сметана 10%, 1, г
сметана 15%,ч. л.
сметана 18%, 1, г
сметана 20%, 1, г
сметана 25%, 1, г
сметана 30%, 1, г
сметана 35%, 1, г
сметана жирная, 1, г
сметана нежирная, 1, г
сметана некислая, 1, г
смородина сушеная, 1, г
смородиновые листья, 1, г
сморчки сухие, 1, г
снежок,л
сныть, 1, г
сода, 1, г
соевая мука, 1, г
соевое масло, 1, г
соевое молоко, 1, г
соевые ростки, 1, г
соевый соус, 1, г
сок, 1, г
сок из красных апельсинов,мл
сок мультивитаминный,мл
сок юзу,мл
солод,ч. л.
солод жидкий, 1, г
солодовый экстракт, 1, г
солод темный, 1, г
соломка, 1, г
соль, 1, г
соль гималайская, 1, г
соль крупного помола, 1, г
соль морская, 1, г
сом филе, 1, г
сосиски, 1, г
сосиски из куриного фарша,шт.
сосиски копченые, 1, г
соус, 1, г
соус black bean,ст. л.
соус sambal oelek,ч. л.
соус барбекю, 1, г
соус краснодарский, 1, г
соус красный острый, 1, г
соус мирин,по вкусу
соус наршараб, 1, г
соус острый, 1, г
соус песто,по вкусу
соус сацебели, 1, г
соус табаско,капля
соус терияки, 1, г
соус ткемали,стакан
соус ткемали благородный, 1, г
соус ткемали ранний,ст. л.
соус устричный,ч. л.
соус чили, 1, г
соус чили сладкий,ч. л.
соус экзотический, 1, г
соя, 1, г
спагетти, 1, г
спагетти № 3, 1, г
спагетти № 5, 1, г
спагетти лунги, 1, г
спаржа,кг
спаржа белая, 1, г
спаржа зеленая, 1, г
спаржа молодая, 1, г
спек, 1, г
спельта,стакан
спельтовая (полбяная) мука, 1, г
специи, 1, г
спирт, 1, г
спирулина порошок, 1, г
спред, 1, г
ставрида, 1, г
стейк семги,шт.
стейк семги, 1, г
стеклянная лапша, 1, г
страчателла, 1, г
судак, 1, г
судак филе, 1, г
судак филе на коже, 1, г
сулугуни, 1, г
сулугуни копченый, 1, г
сумах, 1, г
суповой набор, 1, г
сухари,по вкусу
сухари белые, 1, г
сухари молотые, 1, г
сухари панировочные, 1, г
сухари ржаные, 1, г
сухарная крошка, 1, г
сухофрукты, 1, г
сухофрукты тропические,по вкусу
сушки, 1, г
сыворотка, 1, г
сыр, 1, г
сыр tete de moine, 1, г
сыр Австрия блю, 1, г
сыр адыгейский, 1, г
сыр бри, 1, г
сыр буко, 1, г
сыр гауда, 1, г
сыр гойя, 1, г
сыр голландский, 1, г
сыр голубой, 1, г
сыр гравьера, 1, г
сыр джугас, 1, г
сыр домашний, 1, г
сыр дорблю, 1, г
сыр имеретинский, 1, г
сыр кефалотири, 1, г
сырки творожные, 1, г
сыр козий мягкий, 1, г
сыр козий твердый, 1, г
сыр колбасный, 1, г
сыр копченый, 1, г
сыр коттедж, 1, г
сыр Маскарпоне, 1, г
сыр мраморный, 1, г
сыр мягкий,по вкусу
сыр овечий, 1, г
сыр панир, 1, г
сыр пеше миньон, 1, г
сыр плавленый, 1, г
сыр плавленый шоколадный, 1, г
сыр пластинками, 1, г
сыр полутвердый, 1, г
сыр провола, 1, г
сыр российский, 1, г
сыр скаморца, 1, г
сыр скаморца копченый, 1, г
сыр сливочный, 1, г
сыр с плесенью, 1, г
сыр с плесенью мягкий, 1, г
сыр твердый, 1, г
сыр филадельфия, 1, г
сыр фонтина, 1, г
сыр хаварти, 1, г
сыр швейцарский, 1, г
сычужный фермент,ч. л.
таледжо, 1, г
тальолини, 1, г
тальятелле, 1, г
тальятелле-гнезда,шт.
тамаринд,шт.
тамариндовая паста,ч. л.
тапиока, 1, г
тарталетки,по вкусу
тартар,ст. л.
тархун, 1, г
творог, 1, г
творог 18%, 1, г
творог 2%, 1, г
творог 5%, 1, г
творог 9%, 1, г
творог жирный, 1, г
творог зерненый, 1, г
творог обезжиренный, 1, г
творожная масса, 1, г
творожная паста, 1, г
творожный сыр, 1, г
творожный сыр соленый, 1, г
творожок клубничный, 1, г
текила,стакан
телятина,по вкусу
телятина вареная, 1, г
телячий фарш, 1, г
телячьи отбивные на косточке,шт.
телячьи шницели,шт.
телячьи эскалопы, 1, г
телячья вырезка, 1, г
телячья печень, 1, г
телячья щека,шт.
тесто бездрожжевое, 1, г
тесто готовое, 1, г
тесто для вонтонов, 1, г
тесто для пиццы,шт.
тесто дрожжевое,по вкусу
тесто катаифи, 1, г
тесто макаронное, 1, г
тесто макаронное для лазаньи, 1, г
тесто пельменное, 1, г
тесто песочное,по вкусу
тесто пресное, 1, г
тесто пряничное, 1, г
тесто слоеное, 1, г
тесто слоеное бездрожжевое,по вкусу
тесто слоеное дрожжевое,кг
тесто фило, 1, г
тилапия, 1, г
тилапия филе, 1, г
тильзитер, 1, г
тимьян,горсть
тимьян лимонный,веточка
тимьян свежий,по вкусу
тимьян сушеный, 1, г
ткемали, 1, г
тмин, 1, г
тмин молотый, 1, г
томатная паста, 1, г
томатное пюре, 1, г
томатный концентрат, 1, г
томатный порошок, 1, г
томатный сок, 1, г
томатный соус, 1, г
томатный соус итальянский, 1, г
томатный соус острый, 1, г
томатный соус с базиликом, 1, г
тоник,бутылка
топинамбур, 1, г
топленое масло, 1, г
тортильи,по вкусу
тортильони, 1, г
тофу, 1, г
травы ароматные, 1, г
травы пряные с перцем,ч. л.
травы сухие, 1, г
треска, 1, г
треска печень, 1, г
треска филе, 1, г
трюфель, 1, г
трюфельная крошка, 1, г
трюфельное масло,ст. л.
трюфель черный,шт.
тунец,по вкусу
тунец консервированный, 1, г
тунец филе, 1, г
тушенка, 1, г
тыква, 1, г
тыквенное масло,шт.
тыквенное пюре, 1, г
тыквенные семечки, 1, г
тюлька свежая, 1, г
угорь, 1, г
угорь копченый, 1, г
угурт, 1, г
укроп, 1, г
укропное семя,ч. л.
укроп свежий, 1, г
укроп сушеный, 1, г
уксус, 1, г
уксус 9%, 1, г
уксус из сидра,ст. л.
уксусная эссенция, 1, г
уксус столовый, 1, г
улитки, 1, г
улитки виноградные,шт.
урюк, 1, г
устрицы, 1, г
утиная грудка, 1, г
утиная печень, 1, г
утиное филе, 1, г
утиные бедрышки, 1, г
утиные ножки,по вкусу
утка,по вкусу
утка печеная, 1, г
утка тушка,тушка
уцхо-сунели, 1, г
фазан, 1, г
фарш (баранина и говядина), 1, г
фарш (свинина и курица), 1, г
фасоль, 1, г
фасоль белая, 1, г
фасоль белая консервированная, 1, г
фасоль белая лима, 1, г
фасоль зеленая стручковая, 1, г
фасоль кенийская,горсть
фасоль кидни красная, 1, г
фасоль консервированная, 1, г
фасоль красная, 1, г
фасоль красная вареная,стакан
фасоль красная консервированная, 1, г
фасоль молодая замороженная, 1, г
фасоль пинто, 1, г
фасоль спаржевая вареная, 1, г
фасоль стручковая, 1, г
фасоль стручковая замороженная, 1, г
фасоль стручковая консервированная, 1, г
фасоль черный глаз, 1, г
фейхоа, 1, г
фенхель, 1, г
фенхель семена, 1, г
фенхель семена молотые, 1, г
фестонате, 1, г
фета, 1, г
фетаки, 1, г
фетакса, 1, г
феттучине, 1, г
фиалки засахаренные,шт.
фиалковый сироп, 1, г
физалис,по вкусу
филе красного окуня,шт.
филе лосося, 1, г
филе палтуса,шт.
финики, 1, г
финики без косточек,стакан
финики иранские, 1, г
финики иранские без косточек,шт.
фисташки, 1, г
фисташки очищенные, 1, г
фисташки очищенные несоленые,горсть
фисташки рубленые, 1, г
фисташковая мука, 1, г
фисташковая паста, 1, г
фисташковое масло, 1, г
фокачча,по вкусу
форель, 1, г
форель вареная, 1, г
форель горячего копчения, 1, г
форель озерная свежая,шт.
форель слабосоленая, 1, г
форель стейки,шт.
форель филе, 1, г
форель холодного копчения, 1, г
фрикадельки, 1, г
фрукт дракона,шт.
фруктовый сироп, 1, г
фруктовый сок, 1, г
фруктовый сок без сахара,стакан
фруктоза, 1, г
фрукты, 1, г
фрукты консервированные, 1, г
фундук, 1, г
фундучная мука, 1, г
фунчоза, 1, г
халва, 1, г
халва ванильная, 1, г
халва подсолнечная, 1, г
халуми, 1, г
хамон, 1, г
хек, 1, г
хек филе, 1, г
херес,стакан
хересный уксус,ч. л.
хлеб, 1, г
хлеб 7 злаков,батон
хлеб белый, 1, г
хлеб белый сухой, 1, г
хлеб бородинский,кусок
хлеб датский ржаной, 1, г
хлеб для сэндвичей, 1, г
хлебная крошка, 1, г
хлеб ржаной, 1, г
хлеб серый, 1, г
хлеб с кунжутом,кусок
хлеб цельнозерновой, 1, г
хлебцы пшенично-ржаные цельнозерновые, 1, г
хлопья 4 злака, 1, г
хлопья 5 злаков, 1, г
хлопья 7 злаков,ст. л.
хлопья быстрого приготовления,стакан
хлорид кальция, 1, г
хмели-сунели, 1, г
хмель,ст. л.
хрен, 1, г
хрен протертый, 1, г
хрен со сливками, 1, г
хурма, 1, г
хурма спелая, 1, г
цесарка тушка, 1, г
цикорий,ч. л.
цитроновые цукаты,горсть
цитрусовые цукаты,шт.
цитрусовый свежевыжатый сок,мл
цукаты, 1, г
цукини, 1, г
цукини цветы,шт.
цыплята, 1, г
цыплята-корнишоны,шт.
чабер, 1, г
чабрец, 1, г
чабрец сушеный, 1, г
чай дарджилинг,пакетик
чай жасминовый,ст. л.
чай зеленый,пакетик
чай копченый лапсанг сушонг, 1, г
чай красный, 1, г
чай ройбуш,ст. л.
чай черный, 1, г
чай черный крупнолистовой,ч. л.
чай черный со специями,пакет
чай эрл грей,стакан
чатни манго, 1, г
чеддер, 1, г
черемуха, 1, г
черемуховая мука, 1, г
черемша, 1, г
черешневый джем, 1, г
черешня, 1, г
черешня консервированная без косточек,ст. л.
черная смородина, 1, г
черника, 1, г
черника замороженная, 1, г
чернила каракатицы, 1, г
черничный джем,стакан
чернослив, 1, г
чернослив без косточек, 1, г
чернослив вяленый, 1, г
чернослив копченый без косточек, 1, г
черносмородиновое варенье, 1, г
черносмородиновый джем, 1, г
чеснок, 1, г
чеснок молодой, 1, г
чеснок сушеный, 1, г
чесночная соль,щепотка
чесночное масло,по вкусу
чесночный порошок, 1, г
чечевица, 1, г
чечевица вареная,ст. л.
чечевица зеленая, 1, г
чечевица красная, 1, г
чечил спагетти, 1, г
чиабатта,кусок
чиа семена, 1, г
чипотле молотый,щепотка
чипсы, 1, г
чоризо, 1, г
шалфей, 1, г
шалфей свежий,пучок
шалфей сушеный,лист
шампанское, 1, г
шампанское советское,стакан
шампанское сухое,ст. л.
шампиньоны,по вкусу
шампиньоны замороженные, 1, г
шампиньоны консервированные, 1, г
шампиньоны маринованные, 1, г
шампиньоны свежие, 1, г
шафран, 1, г
шафран имеретинский, 1, г
шафран молотый,ч. л.
шафран нити,шт.
шелковица, 1, г
шелковица сушеная, 1, г
шиповник, 1, г
шиповниковый сироп, 1, г
шнапс, 1, г
шнитт-лук,стебель
шоколад, 1, г
шоколад белый, 1, г
шоколад горький с апельсиновой цедрой, 1, г
шоколад молочный, 1, г
шоколад мятный, 1, г
шоколадная паста, 1, г
шоколадная стружка, 1, г
шоколадное масло, 1, г
шоколадно-ореховая паста, 1, г
шоколадные горошины, 1, г
шоколадные капли, 1, г
шоколадные капли белые, 1, г
шоколадные конфеты, 1, г
шоколадные хлопья, 1, г
шоколадные шарики из готовых завтраков,горсть
шоколадный ликер, 1, г
шоколадный сироп, 1, г
шоколадный соус, 1, г
шоколад полусладкий, 1, г
шоколад с орехами, 1, г
шоколад черный горький, 1, г
шоколад черный горький 70%, 1, г
шоколад черный горький 75%,ч. л.
шоколад черный горький 85%, 1, г
шортенинг,стакан
шпик,шт.
шпик копченый, 1, г
шпинат, 1, г
шпинат замороженный, 1, г
шпинат молодой, 1, г
шпинат свежий, 1, г
шпроты, 1, г
шпроты в масле, 1, г
шрот, 1, г
щавель замороженный, 1, г
щавель свежий,веточка
щука, 1, г
щука филе, 1, г
эгг-ног,стакан
эдам, 1, г
эль,мл
эмменталь, 1, г
эскалоп, 1, г
эстрагон, 1, г
эстрагон сушеный,веточка
яблоки, 1, г
яблоки антоновка,кг
яблоки гала, 1, г
яблоки голден, 1, г
яблоки гренни смит,кг
яблоки зеленые, 1, г
яблоки красные,шт.
яблоки моченые,шт.
яблоки нетвердых сортов, 1, г
яблоки сладкие, 1, г
яблоки сушеные, 1, г
яблочная эссенция,ч. л.
яблочное варенье, 1, г
яблочное повидло, 1, г
яблочное пюре, 1, г
яблочные чипсы,стакан
яблочный джем, 1, г
яблочный сироп,ст. л.
яблочный сок, 1, г
яблочный соус,ст. л.
яблочный уксус, 1, г
ягнятина, 1, г
ягнятина кострец, 1, г
ягнятина фарш, 1, г
ягнячьи отбивные на косточке,шт.
ягнячья голень нарубленная, 1, г
ягнячья корейка, 1, г
ягодное варенье,ст. л.
ягодное желе, 1, г
ягодный сироп, 1, г
ягодный сок, 1, г
ягодный соус кислый, 1, г
ягоды, 1, г
ягоды вяленые,по вкусу
ягоды замороженные, 1, г
ягоды лесные, 1, г
ягоды лесные замороженные, 1, г
яичные белки, 1, г
яичные желтки, 1, г
яичные желтки вареные,шт.
яичные желтки крупные, 1, г
яичный меланж, 1, г
яичный порошок,ст. л.
яйца куриные, 1, г
яйца куриные крупные, 1, г
яйца перепелиные, 1, г
японская крошка панко, 1, г
ячменные хлопья, 1, г
ячмень, 1, г
ячневая крупа, 1, г
